,Year,Division,All,PK,KG,1,2,3,4,5,6,7,8,9,10,11,12
0,2018 - 2019,Accomack County Public Schools,5116.0,167.0,320.0,347.0,394.0,363.0,384.0,410.0,381.0,397.0,406.0,404.0,395.0,351.0,397.0
1,2018 - 2019,Albemarle County Public Schools,14013.0,302.0,1021.0,1028.0,1045.0,1004.0,1148.0,1061.0,1088.0,969.0,1031.0,1073.0,1089.0,1071.0,1083.0
2,2018 - 2019,Alexandria City Public Schools,15968.0,512.0,1516.0,1435.0,1397.0,1326.0,1255.0,1252.0,1212.0,1098.0,978.0,1160.0,1034.0,891.0,902.0
3,2018 - 2019,Alleghany County Public Schools,2084.0,84.0,178.0,135.0,128.0,130.0,159.0,134.0,146.0,156.0,172.0,164.0,165.0,143.0,190.0
4,2018 - 2019,Amelia County Public Schools,1761.0,53.0,110.0,131.0,117.0,150.0,133.0,148.0,137.0,124.0,131.0,140.0,121.0,122.0,144.0
5,2018 - 2019,Amherst County Public Schools,4086.0,121.0,325.0,284.0,276.0,304.0,295.0,338.0,334.0,323.0,321.0,288.0,307.0,299.0,263.0
6,2018 - 2019,Appomattox County Public Schools,2221.0,63.0,164.0,175.0,152.0,164.0,173.0,172.0,162.0,159.0,148.0,185.0,168.0,151.0,185.0
7,2018 - 2019,Arlington County Public Schools,27434.0,934.0,2291.0,2270.0,2146.0,2186.0,2175.0,2187.0,2124.0,1869.0,1966.0,1873.0,1797.0,1748.0,1868.0
8,2018 - 2019,Augusta County Public Schools,10407.0,330.0,703.0,750.0,701.0,718.0,750.0,762.0,847.0,802.0,822.0,840.0,838.0,775.0,769.0
9,2018 - 2019,Bath County Public Schools,543.0,31.0,45.0,36.0,43.0,36.0,39.0,38.0,38.0,35.0,38.0,41.0,43.0,35.0,45.0
10,2018 - 2019,Bedford County Public Schools,9634.0,152.0,691.0,675.0,707.0,681.0,696.0,704.0,728.0,748.0,734.0,798.0,807.0,741.0,772.0
11,2018 - 2019,Bland County Public Schools,736.0,9.0,46.0,51.0,50.0,47.0,49.0,58.0,62.0,50.0,69.0,60.0,70.0,44.0,71.0
12,2018 - 2019,Botetourt County Public Schools,4659.0,87.0,308.0,314.0,311.0,309.0,338.0,313.0,352.0,364.0,365.0,405.0,393.0,420.0,380.0
13,2018 - 2019,Bristol City Public Schools,2271.0,117.0,161.0,162.0,160.0,172.0,163.0,169.0,159.0,168.0,170.0,181.0,150.0,163.0,176.0
14,2018 - 2019,Brunswick County Public Schools,1616.0,56.0,111.0,117.0,111.0,122.0,124.0,135.0,103.0,113.0,127.0,132.0,117.0,143.0,105.0
15,2018 - 2019,Buchanan County Public Schools,2758.0,110.0,186.0,203.0,174.0,198.0,203.0,205.0,185.0,219.0,199.0,223.0,222.0,217.0,214.0
16,2018 - 2019,Buckingham County Public Schools,2127.0,114.0,151.0,149.0,149.0,157.0,170.0,176.0,177.0,152.0,159.0,148.0,145.0,156.0,124.0
17,2018 - 2019,Buena Vista City Public Schools,918.0,33.0,72.0,70.0,57.0,60.0,63.0,60.0,62.0,52.0,78.0,77.0,74.0,60.0,100.0
18,2018 - 2019,Campbell County Public Schools,7891.0,221.0,541.0,551.0,563.0,592.0,546.0,621.0,645.0,595.0,569.0,662.0,606.0,586.0,593.0
19,2018 - 2019,Caroline County Public Schools,4214.0,115.0,335.0,327.0,352.0,322.0,333.0,324.0,307.0,312.0,308.0,342.0,299.0,262.0,276.0
20,2018 - 2019,Carroll County Public Schools,3762.0,137.0,288.0,271.0,263.0,257.0,287.0,289.0,281.0,282.0,306.0,276.0,294.0,259.0,272.0
21,2018 - 2019,Charles City County Public Schools,633.0,41.0,36.0,53.0,41.0,44.0,43.0,36.0,36.0,51.0,61.0,39.0,47.0,60.0,45.0
22,2018 - 2019,Charlotte County Public Schools,1850.0,79.0,154.0,136.0,142.0,121.0,140.0,137.0,124.0,142.0,145.0,164.0,138.0,113.0,115.0
23,2018 - 2019,Charlottesville City Public Schools,4561.0,224.0,387.0,426.0,379.0,395.0,360.0,365.0,291.0,270.0,266.0,348.0,304.0,282.0,264.0
24,2018 - 2019,Chesapeake City Public Schools,40898.0,884.0,2500.0,2921.0,2811.0,2975.0,3001.0,3015.0,3238.0,3283.0,3189.0,3624.0,3440.0,2998.0,3019.0
25,2018 - 2019,Chesterfield County Public Schools,61608.0,785.0,4285.0,4320.0,4458.0,4458.0,4662.0,4676.0,4850.0,4859.0,4811.0,5042.0,4945.0,4608.0,4849.0
26,2018 - 2019,Clarke County Public Schools,1971.0,40.0,117.0,110.0,139.0,117.0,138.0,146.0,153.0,174.0,147.0,174.0,163.0,172.0,181.0
27,2018 - 2019,Colonial Beach Public Schools,671.0,31.0,51.0,49.0,50.0,52.0,50.0,55.0,53.0,56.0,49.0,49.0,43.0,37.0,46.0
28,2018 - 2019,Colonial Heights City Public Schools,2866.0,51.0,230.0,226.0,197.0,213.0,231.0,220.0,203.0,191.0,230.0,222.0,230.0,197.0,225.0
29,2018 - 2019,Covington City Public Schools,1070.0,54.0,86.0,94.0,80.0,81.0,77.0,87.0,76.0,74.0,73.0,70.0,72.0,66.0,80.0
30,2018 - 2019,Craig County Public Schools,602.0,17.0,45.0,39.0,31.0,46.0,35.0,47.0,51.0,41.0,38.0,54.0,45.0,57.0,56.0
31,2018 - 2019,Culpeper County Public Schools,8235.0,153.0,571.0,605.0,563.0,606.0,622.0,658.0,671.0,665.0,583.0,726.0,606.0,609.0,597.0
32,2018 - 2019,Cumberland County Public Schools,1366.0,93.0,105.0,83.0,85.0,90.0,93.0,96.0,104.0,97.0,101.0,86.0,113.0,113.0,107.0
33,2018 - 2019,Danville City Public Schools,5686.0,232.0,425.0,455.0,445.0,402.0,491.0,457.0,412.0,423.0,389.0,450.0,480.0,341.0,284.0
34,2018 - 2019,Department of Juvenile Justice,110.0,1.0,5.0,24.0,31.0,20.0,29.0,,,,,,,,
35,2018 - 2019,Dickenson County Public Schools,2054.0,88.0,161.0,152.0,160.0,123.0,163.0,158.0,148.0,163.0,157.0,161.0,144.0,142.0,134.0
36,2018 - 2019,Dinwiddie County Public Schools,4379.0,36.0,338.0,327.0,336.0,327.0,337.0,350.0,330.0,352.0,316.0,376.0,341.0,311.0,302.0
37,2018 - 2019,Essex County Public Schools,1322.0,36.0,80.0,97.0,86.0,99.0,103.0,102.0,99.0,97.0,107.0,105.0,115.0,101.0,95.0
38,2018 - 2019,Fairfax County Public Schools,187830.0,3989.0,13012.0,13231.0,13648.0,13607.0,13906.0,14657.0,14250.0,14242.0,14141.0,14941.0,14565.0,14958.0,14683.0
39,2018 - 2019,Falls Church City Public Schools,2621.0,70.0,165.0,180.0,189.0,188.0,175.0,230.0,194.0,209.0,196.0,220.0,201.0,196.0,208.0
40,2018 - 2019,Fauquier County Public Schools,11189.0,141.0,722.0,783.0,775.0,775.0,768.0,873.0,837.0,875.0,848.0,981.0,894.0,937.0,980.0
41,2018 - 2019,Floyd County Public Schools,1975.0,65.0,132.0,129.0,133.0,146.0,127.0,142.0,169.0,139.0,155.0,179.0,150.0,152.0,157.0
42,2018 - 2019,Fluvanna County Public Schools,3590.0,86.0,215.0,235.0,234.0,223.0,260.0,289.0,286.0,298.0,303.0,334.0,276.0,294.0,257.0
43,2018 - 2019,Franklin City Public Schools,1075.0,65.0,76.0,84.0,75.0,90.0,78.0,80.0,74.0,70.0,79.0,90.0,84.0,57.0,73.0
44,2018 - 2019,Franklin County Public Schools,7062.0,261.0,506.0,490.0,483.0,507.0,572.0,565.0,526.0,550.0,519.0,569.0,532.0,464.0,518.0
45,2018 - 2019,Frederick County Public Schools,13627.0,119.0,993.0,958.0,954.0,989.0,1037.0,1050.0,1128.0,1071.0,1044.0,1142.0,1108.0,993.0,1041.0
46,2018 - 2019,Fredericksburg City Public Schools,3711.0,185.0,340.0,302.0,274.0,266.0,273.0,296.0,278.0,243.0,242.0,286.0,231.0,254.0,240.0
47,2018 - 2019,Galax City Public Schools,1321.0,60.0,109.0,100.0,94.0,100.0,115.0,100.0,109.0,84.0,99.0,81.0,82.0,90.0,98.0
48,2018 - 2019,Giles County Public Schools,2448.0,89.0,193.0,200.0,164.0,160.0,167.0,170.0,158.0,182.0,186.0,179.0,216.0,172.0,212.0
49,2018 - 2019,Gloucester County Public Schools,5408.0,149.0,353.0,386.0,368.0,403.0,411.0,421.0,395.0,372.0,377.0,480.0,462.0,441.0,390.0
50,2018 - 2019,Goochland County Public Schools,2677.0,91.0,173.0,192.0,169.0,183.0,176.0,207.0,203.0,216.0,212.0,215.0,213.0,203.0,224.0
51,2018 - 2019,Grayson County Public Schools,1542.0,45.0,125.0,110.0,119.0,113.0,99.0,115.0,129.0,116.0,123.0,97.0,125.0,116.0,110.0
52,2018 - 2019,Greene County Public Schools,3001.0,40.0,188.0,199.0,209.0,215.0,246.0,242.0,247.0,238.0,246.0,248.0,235.0,226.0,222.0
53,2018 - 2019,Greensville County Public Schools,2243.0,113.0,156.0,138.0,175.0,143.0,166.0,207.0,171.0,165.0,144.0,156.0,187.0,147.0,175.0
54,2018 - 2019,Halifax County Public Schools,4960.0,290.0,370.0,316.0,306.0,349.0,358.0,371.0,369.0,381.0,363.0,390.0,385.0,373.0,339.0
55,2018 - 2019,Hampton City Public Schools,19594.0,659.0,1415.0,1424.0,1380.0,1458.0,1451.0,1472.0,1547.0,1379.0,1471.0,1801.0,1530.0,1356.0,1251.0
56,2018 - 2019,Hanover County Public Schools,17727.0,264.0,1158.0,1146.0,1223.0,1231.0,1299.0,1318.0,1371.0,1421.0,1409.0,1524.0,1471.0,1412.0,1480.0
57,2018 - 2019,Harrisonburg City Public Schools,6440.0,319.0,473.0,502.0,485.0,464.0,454.0,498.0,454.0,477.0,442.0,520.0,471.0,422.0,459.0
58,2018 - 2019,Henrico County Public Schools,51523.0,1126.0,3633.0,3710.0,3661.0,3756.0,3846.0,3935.0,4007.0,4128.0,3889.0,4293.0,3967.0,3832.0,3740.0
59,2018 - 2019,Henry County Public Schools,7455.0,318.0,528.0,532.0,521.0,533.0,581.0,567.0,571.0,556.0,553.0,624.0,543.0,534.0,494.0
60,2018 - 2019,Highland County Public Schools,205.0,17.0,20.0,15.0,15.0,13.0,7.0,12.0,17.0,10.0,15.0,17.0,21.0,12.0,14.0
61,2018 - 2019,Hopewell City Public Schools,4372.0,310.0,349.0,341.0,304.0,325.0,305.0,347.0,323.0,316.0,292.0,307.0,316.0,280.0,257.0
62,2018 - 2019,Isle of Wight County Public Schools,5532.0,111.0,374.0,359.0,403.0,384.0,410.0,408.0,465.0,409.0,441.0,459.0,489.0,391.0,429.0
63,2018 - 2019,King George County Public Schools,4477.0,108.0,303.0,353.0,328.0,301.0,335.0,369.0,364.0,340.0,335.0,415.0,320.0,286.0,320.0
64,2018 - 2019,King William County Public Schools,2227.0,18.0,158.0,139.0,154.0,173.0,142.0,185.0,178.0,157.0,201.0,184.0,182.0,186.0,170.0
65,2018 - 2019,King and Queen County Public Schools,829.0,47.0,47.0,86.0,194.0,53.0,43.0,53.0,62.0,38.0,47.0,50.0,37.0,38.0,34.0
66,2018 - 2019,Lancaster County Public Schools,1137.0,81.0,64.0,72.0,75.0,89.0,70.0,66.0,86.0,68.0,84.0,103.0,97.0,84.0,97.0
67,2018 - 2019,Lee County Public Schools,3254.0,225.0,223.0,240.0,234.0,239.0,236.0,228.0,236.0,226.0,225.0,262.0,259.0,225.0,196.0
68,2018 - 2019,Lexington City Public Schools,522.0,0.0,50.0,63.0,62.0,53.0,55.0,50.0,62.0,58.0,69.0,,,,
69,2018 - 2019,Loudoun County Public Schools,82246.0,846.0,5405.0,5920.0,6053.0,6082.0,6306.0,6537.0,6660.0,6445.0,6434.0,6714.0,6419.0,6399.0,6018.0
70,2018 - 2019,Louisa County Public Schools,4906.0,116.0,351.0,362.0,334.0,365.0,387.0,407.0,381.0,379.0,390.0,379.0,359.0,352.0,344.0
71,2018 - 2019,Lunenburg County Public Schools,1551.0,69.0,102.0,114.0,104.0,98.0,129.0,117.0,118.0,141.0,125.0,129.0,120.0,75.0,110.0
72,2018 - 2019,Lynchburg City Public Schools,8286.0,305.0,630.0,625.0,626.0,594.0,623.0,625.0,626.0,595.0,601.0,660.0,632.0,587.0,557.0
73,2018 - 2019,Madison County Public Schools,1743.0,51.0,107.0,101.0,133.0,128.0,123.0,130.0,139.0,142.0,146.0,145.0,133.0,139.0,126.0
74,2018 - 2019,Manassas City Public Schools,7723.0,262.0,558.0,610.0,571.0,568.0,615.0,589.0,598.0,585.0,558.0,618.0,569.0,524.0,498.0
75,2018 - 2019,Manassas Park City Public Schools,3724.0,125.0,246.0,261.0,271.0,248.0,309.0,274.0,286.0,285.0,263.0,311.0,287.0,257.0,301.0
76,2018 - 2019,Martinsville City Public Schools,1942.0,139.0,122.0,140.0,140.0,135.0,151.0,138.0,154.0,140.0,130.0,152.0,145.0,118.0,138.0
77,2018 - 2019,Mathews County Public Schools,1064.0,7.0,65.0,69.0,75.0,73.0,82.0,80.0,87.0,72.0,87.0,89.0,77.0,112.0,89.0
78,2018 - 2019,Mecklenburg County Public Schools,4215.0,200.0,272.0,292.0,308.0,297.0,316.0,305.0,291.0,325.0,311.0,352.0,352.0,286.0,308.0
79,2018 - 2019,Middlesex County Public Schools,1223.0,50.0,76.0,83.0,93.0,76.0,97.0,89.0,93.0,87.0,102.0,102.0,96.0,89.0,89.0
80,2018 - 2019,Montgomery County Public Schools,9978.0,279.0,726.0,787.0,737.0,782.0,716.0,767.0,795.0,723.0,735.0,731.0,795.0,671.0,734.0
81,2018 - 2019,Nelson County Public Schools,1807.0,43.0,100.0,125.0,114.0,120.0,128.0,127.0,148.0,139.0,131.0,172.0,171.0,141.0,148.0
82,2018 - 2019,New Kent County Public Schools,3307.0,62.0,219.0,242.0,236.0,240.0,251.0,253.0,285.0,280.0,273.0,254.0,246.0,233.0,233.0
83,2018 - 2019,Newport News City Public Schools,28654.0,1465.0,2124.0,2215.0,2205.0,2199.0,2239.0,2258.0,2226.0,2044.0,1973.0,2126.0,1973.0,1791.0,1816.0
84,2018 - 2019,Norfolk City Public Schools,30105.0,1904.0,2495.0,2507.0,2409.0,2299.0,2359.0,2311.0,2278.0,2014.0,1970.0,2813.0,1803.0,1350.0,1575.0
85,2018 - 2019,Northampton County Public Schools,1607.0,86.0,115.0,98.0,137.0,125.0,109.0,117.0,116.0,125.0,115.0,131.0,109.0,107.0,117.0
86,2018 - 2019,Northumberland County Public Schools,1315.0,68.0,101.0,81.0,88.0,85.0,96.0,94.0,87.0,92.0,109.0,109.0,105.0,94.0,106.0
87,2018 - 2019,Norton City Public Schools,842.0,52.0,65.0,51.0,55.0,60.0,67.0,63.0,60.0,61.0,66.0,81.0,62.0,46.0,53.0
88,2018 - 2019,Nottoway County Public Schools,2043.0,84.0,152.0,145.0,149.0,133.0,153.0,140.0,167.0,154.0,153.0,187.0,169.0,132.0,125.0
89,2018 - 2019,Orange County Public Schools,5044.0,247.0,354.0,358.0,395.0,336.0,371.0,367.0,402.0,360.0,354.0,407.0,368.0,348.0,377.0
90,2018 - 2019,Page County Public Schools,3332.0,94.0,223.0,218.0,199.0,213.0,257.0,259.0,221.0,282.0,262.0,298.0,269.0,261.0,276.0
91,2018 - 2019,Patrick County Public Schools,2601.0,73.0,278.0,340.0,176.0,164.0,154.0,184.0,167.0,190.0,183.0,187.0,192.0,141.0,172.0
92,2018 - 2019,Petersburg City Public Schools,4196.0,392.0,358.0,325.0,359.0,335.0,334.0,296.0,293.0,257.0,242.0,270.0,224.0,256.0,255.0
93,2018 - 2019,Pittsylvania County Public Schools,8846.0,261.0,590.0,574.0,599.0,577.0,660.0,687.0,663.0,727.0,691.0,800.0,716.0,622.0,679.0
94,2018 - 2019,Poquoson City Public Schools,2139.0,20.0,135.0,149.0,153.0,128.0,151.0,182.0,162.0,162.0,183.0,194.0,188.0,163.0,169.0
95,2018 - 2019,Portsmouth City Public Schools,14006.0,562.0,1124.0,1134.0,1120.0,1161.0,1082.0,1089.0,1054.0,910.0,963.0,1060.0,962.0,867.0,918.0
96,2018 - 2019,Powhatan County Public Schools,4323.0,62.0,265.0,280.0,321.0,310.0,302.0,338.0,326.0,359.0,340.0,374.0,352.0,334.0,360.0
97,2018 - 2019,Prince Edward County Public Schools,2079.0,116.0,137.0,154.0,146.0,149.0,151.0,164.0,143.0,147.0,153.0,175.0,172.0,130.0,142.0
98,2018 - 2019,Prince George County Public Schools,6360.0,124.0,465.0,492.0,489.0,465.0,485.0,498.0,535.0,527.0,461.0,498.0,455.0,430.0,436.0
99,2018 - 2019,Prince William County Public Schools,90876.0,1465.0,6244.0,6683.0,6614.0,6699.0,6910.0,6941.0,7121.0,7176.0,6790.0,7535.0,7124.0,6945.0,6629.0
100,2018 - 2019,Pulaski County Public Schools,4081.0,151.0,323.0,309.0,266.0,283.0,292.0,332.0,300.0,286.0,310.0,340.0,296.0,282.0,311.0
101,2018 - 2019,Radford City Public Schools,1646.0,43.0,112.0,115.0,116.0,105.0,128.0,115.0,134.0,138.0,131.0,137.0,117.0,134.0,121.0
102,2018 - 2019,Rappahannock County Public Schools,802.0,21.0,45.0,45.0,69.0,59.0,57.0,61.0,62.0,61.0,51.0,71.0,66.0,56.0,78.0
103,2018 - 2019,Richmond City Public Schools,24763.0,1570.0,2066.0,2039.0,2005.0,2049.0,2030.0,2017.0,1888.0,1654.0,1665.0,1770.0,1542.0,1256.0,1212.0
104,2018 - 2019,Richmond County Public Schools,1314.0,37.0,83.0,82.0,106.0,88.0,97.0,120.0,107.0,95.0,100.0,112.0,83.0,99.0,105.0
105,2018 - 2019,Roanoke City Public Schools,13754.0,554.0,1144.0,1120.0,1092.0,1065.0,1060.0,1161.0,1056.0,961.0,919.0,1058.0,945.0,842.0,777.0
106,2018 - 2019,Roanoke County Public Schools,14121.0,303.0,1003.0,918.0,946.0,1025.0,1022.0,1086.0,1113.0,1133.0,1126.0,1128.0,1118.0,1114.0,1086.0
107,2018 - 2019,Rockbridge County Public Schools,2843.0,59.0,196.0,171.0,169.0,181.0,194.0,214.0,236.0,208.0,218.0,277.0,262.0,225.0,233.0
108,2018 - 2019,Rockingham County Public Schools,11931.0,442.0,808.0,832.0,824.0,871.0,889.0,858.0,891.0,910.0,899.0,959.0,891.0,950.0,906.0
109,2018 - 2019,Russell County Public Schools,3785.0,217.0,264.0,280.0,254.0,261.0,273.0,293.0,273.0,260.0,311.0,254.0,294.0,292.0,259.0
110,2018 - 2019,Salem City Public Schools,3962.0,74.0,260.0,278.0,272.0,257.0,317.0,280.0,323.0,306.0,313.0,338.0,338.0,297.0,305.0
111,2018 - 2019,Scott County Public Schools,3534.0,130.0,266.0,268.0,250.0,277.0,269.0,267.0,255.0,271.0,260.0,266.0,248.0,236.0,271.0
112,2018 - 2019,Shenandoah County Public Schools,6034.0,140.0,426.0,455.0,416.0,426.0,432.0,485.0,478.0,458.0,423.0,504.0,472.0,492.0,423.0
113,2018 - 2019,Smyth County Public Schools,4332.0,145.0,292.0,300.0,295.0,293.0,300.0,333.0,356.0,328.0,362.0,352.0,347.0,302.0,327.0
114,2018 - 2019,Southampton County Public Schools,2869.0,156.0,216.0,183.0,190.0,219.0,188.0,257.0,229.0,206.0,192.0,220.0,225.0,192.0,196.0
115,2018 - 2019,Spotsylvania County Public Schools,23686.0,490.0,1536.0,1591.0,1716.0,1694.0,1683.0,1864.0,1840.0,1804.0,1899.0,2022.0,1872.0,1813.0,1859.0
116,2018 - 2019,Stafford County Public Schools,29485.0,603.0,1900.0,1989.0,2071.0,2117.0,2138.0,2246.0,2335.0,2318.0,2277.0,2484.0,2454.0,2223.0,2330.0
117,2018 - 2019,Staunton City Public Schools,2728.0,91.0,190.0,215.0,228.0,186.0,198.0,230.0,187.0,215.0,216.0,210.0,170.0,200.0,192.0
118,2018 - 2019,Suffolk City Public Schools,14265.0,501.0,933.0,1061.0,1091.0,1112.0,1073.0,1086.0,1124.0,1127.0,1038.0,1287.0,1110.0,876.0,846.0
119,2018 - 2019,Surry County Public Schools,758.0,39.0,52.0,61.0,42.0,52.0,55.0,45.0,61.0,53.0,62.0,66.0,55.0,54.0,61.0
120,2018 - 2019,Sussex County Public Schools,1078.0,49.0,83.0,78.0,75.0,81.0,91.0,71.0,87.0,73.0,75.0,97.0,79.0,80.0,59.0
121,2018 - 2019,Tazewell County Public Schools,5655.0,149.0,391.0,413.0,398.0,379.0,397.0,430.0,437.0,450.0,464.0,490.0,427.0,438.0,390.0
122,2018 - 2019,Virginia Beach City Public Schools,68624.0,1443.0,4641.0,5117.0,5077.0,5152.0,5220.0,5276.0,5255.0,5362.0,5320.0,5468.0,5258.0,4986.0,5049.0
123,2018 - 2019,Virginia School for the Deaf and Blind-Staunton,81.0,4.0,2.0,3.0,6.0,3.0,6.0,8.0,5.0,8.0,12.0,24.0,,,
124,2018 - 2019,Warren County Public Schools,5302.0,116.0,367.0,355.0,393.0,344.0,381.0,410.0,446.0,409.0,407.0,442.0,435.0,396.0,401.0
125,2018 - 2019,Washington County Public Schools,7093.0,224.0,476.0,506.0,448.0,499.0,543.0,510.0,576.0,541.0,536.0,564.0,557.0,568.0,545.0
126,2018 - 2019,Waynesboro City Public Schools,3034.0,94.0,201.0,231.0,236.0,222.0,251.0,257.0,232.0,236.0,229.0,235.0,212.0,198.0,200.0
127,2018 - 2019,West Point Public Schools,813.0,13.0,51.0,51.0,64.0,48.0,46.0,72.0,63.0,75.0,59.0,73.0,61.0,72.0,65.0
128,2018 - 2019,Westmoreland County Public Schools,1651.0,84.0,122.0,127.0,111.0,110.0,111.0,128.0,133.0,127.0,109.0,133.0,121.0,108.0,127.0
129,2018 - 2019,Williamsburg-James City County Public Schools,11813.0,319.0,807.0,791.0,886.0,825.0,846.0,875.0,898.0,874.0,874.0,990.0,951.0,966.0,911.0
130,2018 - 2019,Winchester City Public Schools,4357.0,156.0,304.0,324.0,312.0,295.0,303.0,350.0,338.0,336.0,319.0,357.0,374.0,297.0,292.0
131,2018 - 2019,Wise County Public Schools,5757.0,245.0,416.0,395.0,389.0,436.0,445.0,444.0,476.0,396.0,437.0,414.0,382.0,424.0,456.0
132,2018 - 2019,Wythe County Public Schools,4076.0,130.0,286.0,304.0,270.0,274.0,300.0,293.0,316.0,327.0,325.0,306.0,340.0,286.0,319.0
133,2018 - 2019,York County Public Schools,12982.0,205.0,919.0,925.0,989.0,942.0,923.0,1011.0,979.0,995.0,1040.0,1021.0,1055.0,1016.0,952.0
134,2019 - 2020,Accomack County Public Schools,5171.0,179.0,348.0,332.0,357.0,400.0,368.0,385.0,423.0,388.0,404.0,484.0,380.0,345.0,369.0
135,2019 - 2020,Albemarle County Public Schools,14435.0,298.0,1091.0,1081.0,1070.0,1062.0,1050.0,1151.0,1070.0,1108.0,983.0,1174.0,1111.0,1083.0,1103.0
136,2019 - 2020,Alexandria City Public Schools,16307.0,494.0,1445.0,1489.0,1374.0,1341.0,1326.0,1225.0,1163.0,1219.0,1081.0,1275.0,975.0,929.0,971.0
137,2019 - 2020,Alleghany County Public Schools,2024.0,104.0,186.0,131.0,136.0,132.0,124.0,147.0,150.0,143.0,155.0,170.0,148.0,141.0,157.0
138,2019 - 2020,Amelia County Public Schools,1731.0,61.0,122.0,103.0,134.0,115.0,142.0,130.0,151.0,134.0,132.0,138.0,133.0,108.0,128.0
139,2019 - 2020,Amherst County Public Schools,4115.0,139.0,290.0,312.0,303.0,275.0,307.0,293.0,343.0,339.0,335.0,322.0,278.0,290.0,289.0
140,2019 - 2020,Appomattox County Public Schools,2279.0,61.0,181.0,166.0,176.0,154.0,171.0,178.0,179.0,169.0,167.0,169.0,185.0,173.0,150.0
141,2019 - 2020,Arlington County Public Schools,28151.0,1077.0,2231.0,2319.0,2267.0,2146.0,2148.0,2161.0,2135.0,2114.0,1880.0,2079.0,1911.0,1782.0,1901.0
142,2019 - 2020,Augusta County Public Schools,10342.0,307.0,706.0,721.0,757.0,730.0,730.0,744.0,777.0,854.0,797.0,854.0,792.0,811.0,762.0
143,2019 - 2020,Bath County Public Schools,530.0,32.0,35.0,42.0,35.0,41.0,39.0,39.0,38.0,37.0,38.0,41.0,41.0,40.0,31.0
144,2019 - 2020,Bedford County Public Schools,9562.0,164.0,702.0,678.0,686.0,675.0,684.0,704.0,689.0,740.0,763.0,767.0,755.0,797.0,758.0
145,2019 - 2020,Bland County Public Schools,693.0,11.0,41.0,50.0,51.0,52.0,41.0,50.0,57.0,63.0,47.0,61.0,58.0,66.0,45.0
146,2019 - 2020,Botetourt County Public Schools,4672.0,101.0,335.0,309.0,315.0,311.0,319.0,355.0,328.0,352.0,372.0,389.0,393.0,384.0,409.0
147,2019 - 2020,Bristol City Public Schools,2255.0,109.0,184.0,163.0,175.0,157.0,175.0,157.0,167.0,158.0,169.0,167.0,176.0,133.0,165.0
148,2019 - 2020,Brunswick County Public Schools,1538.0,43.0,108.0,100.0,110.0,108.0,110.0,115.0,127.0,108.0,111.0,130.0,126.0,118.0,124.0
149,2019 - 2020,Buchanan County Public Schools,2676.0,132.0,171.0,202.0,181.0,168.0,194.0,194.0,204.0,179.0,209.0,203.0,212.0,211.0,216.0
150,2019 - 2020,Buckingham County Public Schools,2113.0,111.0,144.0,152.0,156.0,154.0,159.0,170.0,176.0,168.0,150.0,161.0,134.0,139.0,139.0
151,2019 - 2020,Buena Vista City Public Schools,895.0,50.0,62.0,61.0,65.0,55.0,55.0,67.0,63.0,62.0,57.0,80.0,81.0,75.0,62.0
152,2019 - 2020,Campbell County Public Schools,7921.0,250.0,533.0,569.0,554.0,572.0,600.0,583.0,619.0,656.0,593.0,580.0,648.0,568.0,596.0
153,2019 - 2020,Caroline County Public Schools,4253.0,122.0,353.0,448.0,320.0,258.0,320.0,328.0,320.0,309.0,314.0,345.0,294.0,254.0,268.0
154,2019 - 2020,Carroll County Public Schools,3713.0,150.0,264.0,280.0,268.0,261.0,253.0,294.0,290.0,279.0,276.0,309.0,262.0,260.0,267.0
155,2019 - 2020,Charles City County Public Schools,620.0,32.0,56.0,40.0,52.0,41.0,48.0,42.0,36.0,34.0,49.0,61.0,34.0,49.0,46.0
156,2019 - 2020,Charlotte County Public Schools,1763.0,71.0,124.0,141.0,129.0,129.0,115.0,130.0,130.0,115.0,135.0,154.0,150.0,132.0,108.0
157,2019 - 2020,Charlottesville City Public Schools,4549.0,235.0,351.0,401.0,393.0,354.0,384.0,312.0,359.0,273.0,257.0,336.0,323.0,280.0,286.0
158,2019 - 2020,Chesapeake City Public Schools,41597.0,898.0,2695.0,2834.0,3005.0,2909.0,3032.0,3120.0,3211.0,3335.0,3320.0,3456.0,3356.0,3232.0,3194.0
159,2019 - 2020,Chesterfield County Public Schools,62669.0,900.0,4290.0,4574.0,4370.0,4616.0,4612.0,4811.0,4876.0,4969.0,4924.0,5253.0,5056.0,4656.0,4762.0
160,2019 - 2020,Clarke County Public Schools,1926.0,36.0,105.0,119.0,110.0,139.0,127.0,141.0,154.0,149.0,180.0,155.0,176.0,167.0,168.0
161,2019 - 2020,Colonial Beach Public Schools,652.0,35.0,44.0,51.0,44.0,49.0,51.0,48.0,51.0,49.0,54.0,40.0,57.0,42.0,37.0
162,2019 - 2020,Colonial Heights City Public Schools,2899.0,72.0,216.0,232.0,218.0,187.0,224.0,227.0,228.0,212.0,206.0,246.0,216.0,201.0,214.0
163,2019 - 2020,Covington City Public Schools,1018.0,35.0,76.0,78.0,88.0,77.0,82.0,75.0,82.0,69.0,79.0,72.0,65.0,76.0,64.0
164,2019 - 2020,Craig County Public Schools,588.0,25.0,27.0,46.0,42.0,30.0,47.0,40.0,50.0,54.0,44.0,39.0,50.0,43.0,51.0
165,2019 - 2020,Culpeper County Public Schools,8521.0,161.0,645.0,593.0,631.0,611.0,609.0,655.0,679.0,676.0,679.0,741.0,685.0,575.0,581.0
166,2019 - 2020,Cumberland County Public Schools,1321.0,92.0,91.0,100.0,87.0,84.0,82.0,88.0,98.0,100.0,94.0,110.0,85.0,104.0,106.0
167,2019 - 2020,Danville City Public Schools,5702.0,236.0,460.0,449.0,444.0,431.0,403.0,478.0,442.0,407.0,416.0,411.0,375.0,379.0,371.0
168,2019 - 2020,Department of Juvenile Justice,115.0,2.0,2.0,20.0,44.0,27.0,20.0,,,,,,,,
169,2019 - 2020,Dickenson County Public Schools,2064.0,101.0,147.0,167.0,166.0,156.0,126.0,159.0,151.0,148.0,163.0,154.0,152.0,137.0,137.0
170,2019 - 2020,Dinwiddie County Public Schools,4347.0,48.0,333.0,335.0,332.0,349.0,304.0,331.0,327.0,331.0,348.0,342.0,339.0,301.0,327.0
171,2019 - 2020,Essex County Public Schools,1320.0,37.0,93.0,81.0,89.0,83.0,97.0,105.0,104.0,102.0,104.0,112.0,109.0,103.0,101.0
172,2019 - 2020,Fairfax County Public Schools,188940.0,4181.0,13070.0,13545.0,13447.0,13778.0,13668.0,13999.0,14739.0,14362.0,14283.0,15495.0,14778.0,14928.0,14657.0
173,2019 - 2020,Falls Church City Public Schools,2649.0,64.0,180.0,172.0,175.0,189.0,185.0,177.0,235.0,209.0,218.0,218.0,226.0,207.0,194.0
174,2019 - 2020,Fauquier County Public Schools,11181.0,165.0,742.0,725.0,786.0,778.0,773.0,799.0,889.0,845.0,872.0,958.0,970.0,880.0,999.0
175,2019 - 2020,Floyd County Public Schools,1923.0,67.0,130.0,121.0,124.0,132.0,139.0,124.0,141.0,161.0,151.0,153.0,182.0,141.0,157.0
176,2019 - 2020,Fluvanna County Public Schools,3549.0,80.0,217.0,222.0,237.0,237.0,234.0,266.0,288.0,279.0,300.0,324.0,316.0,262.0,287.0
177,2019 - 2020,Franklin City Public Schools,1078.0,57.0,77.0,73.0,88.0,81.0,95.0,76.0,92.0,78.0,70.0,85.0,76.0,61.0,69.0
178,2019 - 2020,Franklin County Public Schools,6887.0,222.0,451.0,494.0,496.0,481.0,511.0,558.0,566.0,509.0,542.0,566.0,524.0,473.0,494.0
179,2019 - 2020,Frederick County Public Schools,13880.0,121.0,947.0,1028.0,1022.0,988.0,1010.0,1083.0,1096.0,1159.0,1096.0,1127.0,1114.0,1051.0,1038.0
180,2019 - 2020,Fredericksburg City Public Schools,3763.0,181.0,355.0,328.0,295.0,269.0,253.0,266.0,293.0,265.0,236.0,302.0,267.0,203.0,242.0
181,2019 - 2020,Galax City Public Schools,1338.0,60.0,114.0,110.0,100.0,96.0,102.0,116.0,101.0,112.0,89.0,95.0,75.0,77.0,91.0
182,2019 - 2020,Giles County Public Schools,2394.0,86.0,170.0,193.0,198.0,158.0,157.0,167.0,169.0,153.0,196.0,182.0,185.0,209.0,171.0
183,2019 - 2020,Gloucester County Public Schools,5306.0,136.0,354.0,367.0,383.0,367.0,401.0,422.0,412.0,400.0,375.0,375.0,459.0,431.0,424.0
184,2019 - 2020,Goochland County Public Schools,2619.0,88.0,163.0,171.0,185.0,176.0,188.0,176.0,221.0,202.0,217.0,221.0,208.0,200.0,203.0
185,2019 - 2020,Grayson County Public Schools,1556.0,40.0,136.0,119.0,105.0,122.0,116.0,94.0,112.0,131.0,117.0,124.0,94.0,131.0,115.0
186,2019 - 2020,Greene County Public Schools,2978.0,40.0,206.0,184.0,205.0,201.0,213.0,239.0,244.0,245.0,251.0,250.0,239.0,235.0,224.0
187,2019 - 2020,Greensville County Public Schools,2223.0,112.0,158.0,159.0,145.0,170.0,145.0,163.0,209.0,172.0,159.0,148.0,156.0,178.0,149.0
188,2019 - 2020,Halifax County Public Schools,4896.0,293.0,351.0,343.0,317.0,302.0,342.0,355.0,378.0,376.0,373.0,381.0,378.0,367.0,340.0
189,2019 - 2020,Hampton City Public Schools,19590.0,607.0,1456.0,1480.0,1410.0,1365.0,1480.0,1451.0,1500.0,1543.0,1410.0,1809.0,1529.0,1365.0,1185.0
190,2019 - 2020,Hanover County Public Schools,17541.0,268.0,1155.0,1173.0,1159.0,1252.0,1259.0,1319.0,1327.0,1377.0,1449.0,1468.0,1475.0,1449.0,1411.0
191,2019 - 2020,Harrisonburg City Public Schools,6613.0,337.0,495.0,479.0,510.0,497.0,493.0,467.0,497.0,455.0,495.0,518.0,516.0,395.0,459.0
192,2019 - 2020,Henrico County Public Schools,51786.0,1141.0,3741.0,3704.0,3751.0,3718.0,3747.0,3904.0,3980.0,4059.0,4090.0,4332.0,4080.0,3782.0,3757.0
193,2019 - 2020,Henry County Public Schools,7381.0,313.0,487.0,522.0,535.0,517.0,512.0,589.0,574.0,578.0,549.0,611.0,555.0,490.0,549.0
194,2019 - 2020,Highland County Public Schools,218.0,17.0,19.0,21.0,15.0,18.0,14.0,5.0,16.0,12.0,14.0,14.0,18.0,19.0,16.0
195,2019 - 2020,Hopewell City Public Schools,4283.0,304.0,308.0,344.0,319.0,290.0,318.0,303.0,311.0,313.0,317.0,324.0,282.0,301.0,249.0
196,2019 - 2020,Isle of Wight County Public Schools,5630.0,111.0,382.0,402.0,380.0,410.0,401.0,415.0,440.0,477.0,423.0,488.0,455.0,453.0,393.0
197,2019 - 2020,King George County Public Schools,4518.0,96.0,326.0,309.0,355.0,333.0,302.0,333.0,372.0,371.0,355.0,369.0,381.0,295.0,321.0
198,2019 - 2020,King William County Public Schools,2188.0,16.0,145.0,160.0,141.0,155.0,164.0,139.0,189.0,184.0,162.0,210.0,162.0,173.0,188.0
199,2019 - 2020,King and Queen County Public Schools,833.0,32.0,52.0,114.0,188.0,43.0,47.0,42.0,52.0,57.0,33.0,49.0,51.0,36.0,37.0
200,2019 - 2020,Lancaster County Public Schools,1079.0,64.0,60.0,59.0,74.0,73.0,90.0,72.0,65.0,83.0,69.0,98.0,92.0,89.0,91.0
201,2019 - 2020,Lee County Public Schools,3192.0,213.0,233.0,209.0,233.0,229.0,233.0,236.0,225.0,233.0,240.0,248.0,242.0,223.0,195.0
202,2019 - 2020,Lexington City Public Schools,503.0,0.0,50.0,53.0,62.0,60.0,53.0,56.0,51.0,62.0,56.0,,,,
203,2019 - 2020,Loudoun County Public Schools,83936.0,844.0,5693.0,5803.0,6147.0,6206.0,6256.0,6448.0,6695.0,6787.0,6606.0,6784.0,6778.0,6439.0,6447.0
204,2019 - 2020,Louisa County Public Schools,4987.0,124.0,346.0,372.0,366.0,332.0,371.0,392.0,413.0,392.0,384.0,393.0,377.0,360.0,365.0
205,2019 - 2020,Lunenburg County Public Schools,1590.0,59.0,118.0,117.0,107.0,110.0,108.0,136.0,124.0,123.0,134.0,138.0,120.0,89.0,107.0
206,2019 - 2020,Lynchburg City Public Schools,8238.0,305.0,664.0,614.0,595.0,610.0,585.0,615.0,604.0,627.0,564.0,636.0,643.0,600.0,576.0
207,2019 - 2020,Madison County Public Schools,1726.0,65.0,107.0,107.0,106.0,127.0,131.0,122.0,133.0,143.0,144.0,147.0,138.0,114.0,142.0
208,2019 - 2020,Manassas City Public Schools,7789.0,261.0,579.0,595.0,607.0,561.0,584.0,595.0,588.0,619.0,577.0,553.0,587.0,548.0,535.0
209,2019 - 2020,Manassas Park City Public Schools,3641.0,135.0,235.0,227.0,263.0,254.0,249.0,301.0,278.0,291.0,295.0,298.0,304.0,274.0,237.0
210,2019 - 2020,Martinsville City Public Schools,1930.0,139.0,119.0,122.0,139.0,142.0,141.0,151.0,136.0,150.0,139.0,144.0,138.0,144.0,126.0
211,2019 - 2020,Mathews County Public Schools,1008.0,8.0,67.0,67.0,68.0,71.0,73.0,79.0,83.0,90.0,72.0,92.0,77.0,68.0,93.0
212,2019 - 2020,Mecklenburg County Public Schools,4205.0,194.0,303.0,292.0,289.0,303.0,311.0,321.0,297.0,296.0,323.0,336.0,330.0,317.0,293.0
213,2019 - 2020,Middlesex County Public Schools,1208.0,61.0,96.0,72.0,89.0,98.0,81.0,97.0,84.0,92.0,82.0,86.0,91.0,95.0,84.0
214,2019 - 2020,Montgomery County Public Schools,10102.0,286.0,720.0,757.0,797.0,748.0,769.0,731.0,775.0,818.0,724.0,805.0,718.0,783.0,671.0
215,2019 - 2020,Nelson County Public Schools,1695.0,42.0,98.0,96.0,122.0,114.0,116.0,125.0,128.0,144.0,136.0,141.0,158.0,143.0,132.0
216,2019 - 2020,New Kent County Public Schools,3354.0,69.0,224.0,235.0,255.0,242.0,236.0,260.0,265.0,280.0,287.0,290.0,245.0,237.0,229.0
217,2019 - 2020,Newport News City Public Schools,28655.0,1402.0,2242.0,2181.0,2189.0,2159.0,2208.0,2185.0,2151.0,2185.0,2046.0,2286.0,1953.0,1708.0,1760.0
218,2019 - 2020,Norfolk City Public Schools,29851.0,1863.0,2490.0,2437.0,2363.0,2316.0,2277.0,2279.0,2193.0,2158.0,1936.0,2776.0,1904.0,1230.0,1615.0
219,2019 - 2020,Northampton County Public Schools,1520.0,74.0,115.0,109.0,92.0,129.0,115.0,101.0,113.0,107.0,128.0,112.0,122.0,102.0,101.0
220,2019 - 2020,Northumberland County Public Schools,1279.0,63.0,81.0,100.0,79.0,97.0,89.0,92.0,94.0,81.0,93.0,110.0,103.0,87.0,110.0
221,2019 - 2020,Norton City Public Schools,818.0,34.0,70.0,54.0,45.0,50.0,64.0,61.0,59.0,59.0,65.0,68.0,78.0,59.0,52.0
222,2019 - 2020,Nottoway County Public Schools,1990.0,80.0,145.0,150.0,145.0,147.0,128.0,149.0,136.0,163.0,147.0,169.0,165.0,136.0,130.0
223,2019 - 2020,Orange County Public Schools,5092.0,227.0,355.0,364.0,370.0,390.0,362.0,375.0,385.0,406.0,360.0,400.0,390.0,315.0,393.0
224,2019 - 2020,Page County Public Schools,3354.0,98.0,234.0,235.0,228.0,208.0,219.0,266.0,260.0,230.0,282.0,279.0,296.0,273.0,246.0
225,2019 - 2020,Patrick County Public Schools,2558.0,71.0,384.0,230.0,160.0,171.0,169.0,147.0,185.0,168.0,192.0,188.0,175.0,181.0,137.0
226,2019 - 2020,Petersburg City Public Schools,4211.0,392.0,367.0,343.0,327.0,352.0,324.0,326.0,282.0,292.0,256.0,269.0,233.0,198.0,250.0
227,2019 - 2020,Pittsylvania County Public Schools,8723.0,298.0,547.0,566.0,587.0,612.0,584.0,653.0,713.0,671.0,724.0,776.0,690.0,627.0,675.0
228,2019 - 2020,Poquoson City Public Schools,2137.0,22.0,137.0,142.0,154.0,158.0,135.0,164.0,182.0,169.0,166.0,200.0,177.0,178.0,153.0
229,2019 - 2020,Portsmouth City Public Schools,13991.0,582.0,1090.0,1136.0,1138.0,1116.0,1143.0,1047.0,1065.0,986.0,921.0,1118.0,903.0,883.0,863.0
230,2019 - 2020,Powhatan County Public Schools,4356.0,69.0,307.0,282.0,285.0,333.0,316.0,305.0,336.0,330.0,372.0,384.0,361.0,335.0,341.0
231,2019 - 2020,Prince Edward County Public Schools,2057.0,107.0,153.0,127.0,161.0,138.0,154.0,154.0,164.0,148.0,141.0,179.0,183.0,125.0,123.0
232,2019 - 2020,Prince George County Public Schools,6353.0,125.0,485.0,485.0,487.0,471.0,470.0,504.0,512.0,528.0,501.0,448.0,482.0,414.0,441.0
233,2019 - 2020,Prince William County Public Schools,92270.0,1637.0,6287.0,6636.0,6803.0,6744.0,6856.0,7081.0,6993.0,7202.0,7284.0,7679.0,7401.0,6635.0,7032.0
234,2019 - 2020,Pulaski County Public Schools,4096.0,158.0,319.0,327.0,302.0,262.0,302.0,301.0,331.0,304.0,290.0,344.0,320.0,283.0,253.0
235,2019 - 2020,Radford City Public Schools,1642.0,45.0,124.0,116.0,120.0,117.0,101.0,126.0,120.0,141.0,135.0,131.0,128.0,114.0,124.0
236,2019 - 2020,Rappahannock County Public Schools,791.0,22.0,51.0,51.0,49.0,62.0,64.0,55.0,61.0,65.0,64.0,51.0,73.0,58.0,65.0
237,2019 - 2020,Richmond City Public Schools,25212.0,1667.0,1897.0,2052.0,2083.0,2069.0,2035.0,1949.0,1900.0,1959.0,1722.0,1861.0,1566.0,1312.0,1140.0
238,2019 - 2020,Richmond County Public Schools,1301.0,44.0,81.0,90.0,90.0,104.0,87.0,97.0,115.0,108.0,96.0,96.0,105.0,89.0,99.0
239,2019 - 2020,Roanoke City Public Schools,14049.0,565.0,1146.0,1155.0,1128.0,1084.0,1064.0,1056.0,1129.0,1067.0,969.0,1090.0,962.0,853.0,781.0
240,2019 - 2020,Roanoke County Public Schools,13999.0,304.0,906.0,1009.0,913.0,979.0,1044.0,1049.0,1116.0,1116.0,1137.0,1168.0,1090.0,1055.0,1113.0
241,2019 - 2020,Rockbridge County Public Schools,2819.0,72.0,183.0,192.0,174.0,165.0,177.0,191.0,220.0,234.0,208.0,278.0,262.0,256.0,207.0
242,2019 - 2020,Rockingham County Public Schools,11928.0,417.0,863.0,807.0,845.0,832.0,862.0,913.0,879.0,899.0,928.0,949.0,953.0,866.0,915.0
243,2019 - 2020,Russell County Public Schools,3715.0,183.0,301.0,248.0,253.0,242.0,246.0,264.0,294.0,272.0,281.0,322.0,249.0,274.0,286.0
244,2019 - 2020,Salem City Public Schools,3931.0,78.0,258.0,272.0,285.0,279.0,264.0,321.0,289.0,316.0,311.0,338.0,328.0,309.0,278.0
245,2019 - 2020,Scott County Public Schools,3512.0,113.0,266.0,262.0,264.0,247.0,282.0,276.0,254.0,259.0,292.0,260.0,260.0,242.0,235.0
246,2019 - 2020,Shenandoah County Public Schools,6006.0,145.0,396.0,429.0,455.0,426.0,430.0,433.0,493.0,469.0,465.0,455.0,471.0,469.0,467.0
247,2019 - 2020,Smyth County Public Schools,4269.0,147.0,290.0,306.0,293.0,313.0,292.0,302.0,331.0,361.0,328.0,360.0,334.0,334.0,278.0
248,2019 - 2020,Southampton County Public Schools,2803.0,145.0,198.0,223.0,175.0,181.0,219.0,191.0,246.0,234.0,185.0,196.0,199.0,219.0,192.0
249,2019 - 2020,Spotsylvania County Public Schools,23903.0,478.0,1616.0,1606.0,1637.0,1753.0,1745.0,1742.0,1921.0,1934.0,1841.0,2114.0,1946.0,1770.0,1798.0
250,2019 - 2020,Stafford County Public Schools,30120.0,600.0,1974.0,2009.0,2066.0,2159.0,2201.0,2230.0,2358.0,2397.0,2418.0,2590.0,2417.0,2340.0,2361.0
251,2019 - 2020,Staunton City Public Schools,2738.0,90.0,209.0,200.0,207.0,224.0,187.0,194.0,226.0,193.0,215.0,209.0,216.0,166.0,202.0
252,2019 - 2020,Suffolk City Public Schools,14323.0,513.0,1007.0,989.0,1049.0,1092.0,1071.0,1078.0,1112.0,1122.0,1121.0,1208.0,1148.0,1006.0,807.0
253,2019 - 2020,Surry County Public Schools,738.0,36.0,45.0,56.0,63.0,42.0,56.0,54.0,44.0,54.0,57.0,74.0,56.0,47.0,54.0
254,2019 - 2020,Sussex County Public Schools,1095.0,47.0,74.0,90.0,74.0,78.0,79.0,90.0,84.0,86.0,71.0,88.0,85.0,77.0,72.0
255,2019 - 2020,Tazewell County Public Schools,5587.0,148.0,402.0,400.0,385.0,392.0,381.0,407.0,431.0,442.0,451.0,487.0,436.0,382.0,441.0
256,2019 - 2020,Virginia Beach City Public Schools,68706.0,1444.0,4957.0,5119.0,5109.0,5065.0,5173.0,5213.0,5328.0,5260.0,5293.0,5631.0,5184.0,4971.0,4959.0
257,2019 - 2020,Virginia School for the Deaf and Blind-Staunton,80.0,5.0,2.0,3.0,7.0,6.0,8.0,10.0,5.0,9.0,25.0,,,,
258,2019 - 2020,Warren County Public Schools,5376.0,132.0,397.0,368.0,370.0,388.0,350.0,387.0,418.0,442.0,416.0,449.0,430.0,417.0,412.0
259,2019 - 2020,Washington County Public Schools,7052.0,217.0,447.0,483.0,502.0,445.0,511.0,556.0,532.0,575.0,545.0,559.0,565.0,549.0,566.0
260,2019 - 2020,Waynesboro City Public Schools,2961.0,82.0,208.0,207.0,220.0,238.0,221.0,236.0,248.0,221.0,223.0,247.0,207.0,218.0,185.0
261,2019 - 2020,West Point Public Schools,802.0,8.0,56.0,53.0,51.0,61.0,49.0,50.0,72.0,67.0,77.0,64.0,71.0,58.0,65.0
262,2019 - 2020,Westmoreland County Public Schools,1603.0,84.0,109.0,113.0,125.0,106.0,112.0,106.0,119.0,129.0,121.0,121.0,131.0,121.0,106.0
263,2019 - 2020,Williamsburg-James City County Public Schools,11805.0,317.0,789.0,812.0,832.0,902.0,833.0,857.0,886.0,894.0,881.0,943.0,1007.0,902.0,950.0
264,2019 - 2020,Winchester City Public Schools,4392.0,153.0,323.0,326.0,314.0,319.0,314.0,303.0,337.0,348.0,330.0,380.0,346.0,335.0,264.0
265,2019 - 2020,Wise County Public Schools,5632.0,239.0,413.0,417.0,387.0,389.0,432.0,438.0,446.0,466.0,405.0,421.0,406.0,360.0,412.0
266,2019 - 2020,Wythe County Public Schools,3982.0,116.0,278.0,285.0,293.0,268.0,271.0,294.0,297.0,319.0,331.0,327.0,307.0,315.0,281.0
267,2019 - 2020,York County Public Schools,13184.0,206.0,965.0,939.0,994.0,1001.0,965.0,957.0,1039.0,1016.0,1003.0,1095.0,989.0,1033.0,982.0
268,2020 - 2021,Accomack County Public Schools,4873.0,123.0,311.0,340.0,319.0,348.0,379.0,344.0,378.0,408.0,372.0,430.0,423.0,345.0,344.0
269,2020 - 2021,Albemarle County Public Schools,13532.0,219.0,854.0,1015.0,986.0,975.0,992.0,990.0,1072.0,1047.0,1064.0,1039.0,1132.0,1065.0,1082.0
270,2020 - 2021,Alexandria City Public Schools,15846.0,468.0,1265.0,1385.0,1361.0,1270.0,1262.0,1226.0,1129.0,1131.0,1168.0,1140.0,1135.0,912.0,993.0
271,2020 - 2021,Alleghany County Public Schools,1952.0,54.0,190.0,136.0,126.0,138.0,134.0,129.0,151.0,139.0,136.0,157.0,167.0,133.0,162.0
272,2020 - 2021,Amelia County Public Schools,1627.0,55.0,117.0,112.0,99.0,127.0,106.0,135.0,111.0,141.0,128.0,149.0,129.0,118.0,100.0
273,2020 - 2021,Amherst County Public Schools,4045.0,115.0,308.0,276.0,301.0,292.0,280.0,306.0,294.0,344.0,334.0,324.0,313.0,266.0,292.0
274,2020 - 2021,Appomattox County Public Schools,2272.0,59.0,152.0,181.0,171.0,171.0,156.0,173.0,182.0,178.0,170.0,178.0,153.0,182.0,166.0
275,2020 - 2021,Arlington County Public Schools,26833.0,654.0,1963.0,2099.0,2177.0,2118.0,2018.0,2047.0,2031.0,2006.0,2036.0,1884.0,2031.0,1862.0,1907.0
276,2020 - 2021,Augusta County Public Schools,10150.0,239.0,693.0,703.0,703.0,758.0,726.0,715.0,746.0,783.0,834.0,834.0,829.0,764.0,823.0
277,2020 - 2021,Bath County Public Schools,521.0,16.0,41.0,32.0,41.0,32.0,44.0,43.0,38.0,41.0,42.0,37.0,42.0,37.0,35.0
278,2020 - 2021,Bedford County Public Schools,9175.0,159.0,621.0,635.0,655.0,658.0,651.0,650.0,663.0,704.0,729.0,782.0,747.0,717.0,804.0
279,2020 - 2021,Bland County Public Schools,670.0,9.0,57.0,43.0,43.0,48.0,46.0,39.0,49.0,53.0,62.0,43.0,60.0,54.0,64.0
280,2020 - 2021,Botetourt County Public Schools,4431.0,77.0,315.0,298.0,296.0,312.0,300.0,299.0,328.0,320.0,353.0,372.0,388.0,392.0,381.0
281,2020 - 2021,Bristol City Public Schools,2214.0,89.0,161.0,186.0,165.0,168.0,157.0,177.0,151.0,171.0,153.0,170.0,164.0,163.0,139.0
282,2020 - 2021,Brunswick County Public Schools,1451.0,40.0,98.0,108.0,95.0,108.0,101.0,109.0,116.0,121.0,99.0,114.0,121.0,123.0,98.0
283,2020 - 2021,Buchanan County Public Schools,2516.0,97.0,156.0,155.0,167.0,167.0,180.0,196.0,190.0,208.0,178.0,210.0,200.0,203.0,209.0
284,2020 - 2021,Buckingham County Public Schools,2010.0,69.0,125.0,126.0,152.0,145.0,144.0,156.0,169.0,179.0,171.0,160.0,151.0,133.0,129.0
285,2020 - 2021,Buena Vista City Public Schools,916.0,34.0,84.0,61.0,64.0,66.0,58.0,62.0,71.0,71.0,68.0,65.0,76.0,64.0,72.0
286,2020 - 2021,Campbell County Public Schools,7787.0,245.0,591.0,517.0,567.0,532.0,541.0,600.0,566.0,618.0,655.0,604.0,564.0,615.0,572.0
287,2020 - 2021,Caroline County Public Schools,4131.0,102.0,321.0,326.0,312.0,298.0,348.0,311.0,309.0,311.0,307.0,326.0,322.0,271.0,267.0
288,2020 - 2021,Carroll County Public Schools,3552.0,146.0,239.0,258.0,257.0,258.0,253.0,245.0,272.0,277.0,281.0,269.0,290.0,250.0,257.0
289,2020 - 2021,Charles City County Public Schools,576.0,17.0,36.0,49.0,38.0,47.0,36.0,48.0,45.0,33.0,38.0,47.0,59.0,36.0,47.0
290,2020 - 2021,Charlotte County Public Schools,1726.0,66.0,117.0,126.0,129.0,126.0,121.0,111.0,129.0,130.0,107.0,142.0,147.0,154.0,121.0
291,2020 - 2021,Charlottesville City Public Schools,4265.0,199.0,307.0,305.0,345.0,356.0,329.0,327.0,301.0,325.0,268.0,321.0,325.0,293.0,258.0
292,2020 - 2021,Chesapeake City Public Schools,39673.0,658.0,2319.0,2640.0,2615.0,2870.0,2806.0,2936.0,3106.0,3171.0,3309.0,3346.0,3365.0,3256.0,3276.0
293,2020 - 2021,Chesterfield County Public Schools,60904.0,847.0,3636.0,4192.0,4437.0,4224.0,4587.0,4538.0,4838.0,4765.0,4964.0,5118.0,5108.0,4846.0,4804.0
294,2020 - 2021,Clarke County Public Schools,1745.0,20.0,98.0,94.0,104.0,99.0,135.0,107.0,127.0,145.0,149.0,187.0,154.0,169.0,157.0
295,2020 - 2021,Colonial Beach Public Schools,634.0,34.0,46.0,38.0,48.0,40.0,44.0,51.0,47.0,50.0,48.0,55.0,41.0,52.0,40.0
296,2020 - 2021,Colonial Heights City Public Schools,2784.0,52.0,202.0,205.0,220.0,213.0,181.0,220.0,216.0,230.0,212.0,210.0,226.0,190.0,207.0
297,2020 - 2021,Covington City Public Schools,1016.0,28.0,78.0,75.0,78.0,87.0,71.0,80.0,73.0,86.0,76.0,81.0,72.0,61.0,70.0
298,2020 - 2021,Craig County Public Schools,546.0,14.0,33.0,32.0,45.0,41.0,28.0,44.0,39.0,46.0,55.0,44.0,38.0,47.0,40.0
299,2020 - 2021,Culpeper County Public Schools,8257.0,256.0,504.0,609.0,560.0,617.0,579.0,591.0,625.0,663.0,663.0,725.0,666.0,640.0,558.0
300,2020 - 2021,Cumberland County Public Schools,1223.0,65.0,75.0,87.0,91.0,86.0,83.0,74.0,88.0,94.0,98.0,97.0,104.0,83.0,98.0
301,2020 - 2021,Danville City Public Schools,5505.0,134.0,408.0,438.0,432.0,439.0,426.0,401.0,469.0,406.0,402.0,422.0,407.0,360.0,361.0
302,2020 - 2021,Department of Juvenile Justice,91.0,1.0,1.0,26.0,17.0,31.0,15.0,,,,,,,,
303,2020 - 2021,Dickenson County Public Schools,1967.0,66.0,135.0,128.0,160.0,155.0,151.0,123.0,161.0,149.0,148.0,165.0,153.0,149.0,124.0
304,2020 - 2021,Dinwiddie County Public Schools,4209.0,65.0,277.0,319.0,320.0,315.0,321.0,301.0,332.0,323.0,327.0,364.0,318.0,325.0,302.0
305,2020 - 2021,Essex County Public Schools,1224.0,32.0,65.0,83.0,77.0,81.0,76.0,94.0,103.0,103.0,97.0,99.0,110.0,107.0,97.0
306,2020 - 2021,Fairfax County Public Schools,180076.0,3478.0,10861.0,12480.0,12777.0,12780.0,13277.0,13174.0,13553.0,14294.0,14187.0,14691.0,15001.0,14807.0,14716.0
307,2020 - 2021,Falls Church City Public Schools,2500.0,51.0,130.0,167.0,162.0,163.0,188.0,183.0,157.0,230.0,210.0,205.0,218.0,226.0,210.0
308,2020 - 2021,Fauquier County Public Schools,10299.0,111.0,633.0,653.0,651.0,703.0,723.0,728.0,751.0,843.0,797.0,903.0,940.0,914.0,942.0
309,2020 - 2021,Floyd County Public Schools,1833.0,52.0,121.0,127.0,124.0,117.0,128.0,135.0,115.0,142.0,152.0,162.0,150.0,165.0,143.0
310,2020 - 2021,Fluvanna County Public Schools,3297.0,50.0,159.0,202.0,203.0,210.0,230.0,228.0,277.0,283.0,266.0,326.0,299.0,299.0,265.0
311,2020 - 2021,Franklin City Public Schools,1028.0,48.0,60.0,69.0,74.0,80.0,74.0,90.0,77.0,90.0,73.0,80.0,83.0,63.0,67.0
312,2020 - 2021,Franklin County Public Schools,6533.0,256.0,425.0,429.0,465.0,469.0,447.0,488.0,516.0,527.0,495.0,544.0,526.0,471.0,475.0
313,2020 - 2021,Frederick County Public Schools,13521.0,118.0,908.0,917.0,940.0,971.0,941.0,989.0,1045.0,1088.0,1174.0,1163.0,1090.0,1075.0,1102.0
314,2020 - 2021,Fredericksburg City Public Schools,3551.0,138.0,246.0,320.0,300.0,287.0,256.0,241.0,258.0,276.0,263.0,254.0,257.0,232.0,217.0
315,2020 - 2021,Galax City Public Schools,1323.0,55.0,88.0,101.0,104.0,103.0,97.0,101.0,114.0,100.0,119.0,91.0,94.0,77.0,79.0
316,2020 - 2021,Giles County Public Schools,2300.0,61.0,141.0,175.0,172.0,193.0,148.0,154.0,170.0,171.0,156.0,185.0,179.0,180.0,215.0
317,2020 - 2021,Gloucester County Public Schools,5044.0,111.0,332.0,352.0,348.0,363.0,352.0,373.0,408.0,404.0,392.0,372.0,375.0,427.0,435.0
318,2020 - 2021,Goochland County Public Schools,2582.0,79.0,142.0,170.0,162.0,193.0,178.0,188.0,181.0,235.0,197.0,225.0,212.0,207.0,213.0
319,2020 - 2021,Grayson County Public Schools,1517.0,44.0,93.0,125.0,123.0,107.0,123.0,110.0,101.0,110.0,127.0,116.0,120.0,92.0,126.0
320,2020 - 2021,Greene County Public Schools,2928.0,27.0,175.0,217.0,181.0,212.0,205.0,210.0,250.0,244.0,251.0,271.0,231.0,226.0,228.0
321,2020 - 2021,Greensville County Public Schools,2137.0,87.0,117.0,158.0,153.0,147.0,167.0,144.0,166.0,199.0,168.0,153.0,147.0,156.0,175.0
322,2020 - 2021,Halifax County Public Schools,4691.0,236.0,359.0,331.0,333.0,289.0,287.0,334.0,341.0,374.0,370.0,368.0,362.0,374.0,333.0
323,2020 - 2021,Hampton City Public Schools,19225.0,458.0,1239.0,1440.0,1421.0,1399.0,1375.0,1479.0,1447.0,1503.0,1556.0,1621.0,1613.0,1374.0,1300.0
324,2020 - 2021,Hanover County Public Schools,16519.0,173.0,947.0,1067.0,1091.0,1116.0,1198.0,1224.0,1294.0,1322.0,1355.0,1447.0,1430.0,1428.0,1427.0
325,2020 - 2021,Harrisonburg City Public Schools,6508.0,315.0,487.0,475.0,475.0,504.0,480.0,470.0,461.0,495.0,454.0,517.0,480.0,482.0,413.0
326,2020 - 2021,Henrico County Public Schools,50191.0,973.0,3150.0,3584.0,3596.0,3637.0,3618.0,3632.0,3808.0,3982.0,4031.0,4420.0,4135.0,3918.0,3707.0
327,2020 - 2021,Henry County Public Schools,7130.0,296.0,413.0,487.0,501.0,520.0,501.0,498.0,597.0,562.0,566.0,609.0,544.0,508.0,528.0
328,2020 - 2021,Highland County Public Schools,184.0,9.0,16.0,12.0,16.0,13.0,13.0,10.0,4.0,15.0,13.0,12.0,14.0,19.0,18.0
329,2020 - 2021,Hopewell City Public Schools,4245.0,316.0,284.0,313.0,326.0,308.0,278.0,311.0,296.0,317.0,306.0,330.0,303.0,273.0,281.0
330,2020 - 2021,Isle of Wight County Public Schools,5396.0,85.0,309.0,367.0,362.0,353.0,375.0,375.0,399.0,440.0,466.0,478.0,485.0,444.0,458.0
331,2020 - 2021,King George County Public Schools,4297.0,56.0,265.0,296.0,293.0,317.0,317.0,280.0,335.0,372.0,367.0,369.0,353.0,342.0,335.0
332,2020 - 2021,King William County Public Schools,2007.0,0.0,134.0,121.0,143.0,133.0,148.0,151.0,135.0,179.0,180.0,165.0,193.0,157.0,168.0
333,2020 - 2021,King and Queen County Public Schools,875.0,45.0,41.0,97.0,237.0,54.0,45.0,48.0,42.0,51.0,56.0,33.0,44.0,47.0,35.0
334,2020 - 2021,Lancaster County Public Schools,1014.0,38.0,67.0,61.0,58.0,75.0,73.0,85.0,66.0,64.0,84.0,72.0,89.0,89.0,93.0
335,2020 - 2021,Lee County Public Schools,3048.0,139.0,217.0,227.0,205.0,231.0,224.0,227.0,227.0,222.0,232.0,232.0,243.0,223.0,199.0
336,2020 - 2021,Lexington City Public Schools,465.0,2.0,42.0,44.0,49.0,57.0,60.0,49.0,53.0,47.0,62.0,,,,
337,2020 - 2021,Loudoun County Public Schools,81326.0,658.0,4806.0,5618.0,5565.0,6006.0,6064.0,6125.0,6352.0,6710.0,6786.0,6642.0,6754.0,6685.0,6548.0
338,2020 - 2021,Louisa County Public Schools,4984.0,126.0,340.0,347.0,353.0,383.0,338.0,372.0,392.0,407.0,404.0,406.0,386.0,379.0,351.0
339,2020 - 2021,Lunenburg County Public Schools,1622.0,64.0,116.0,118.0,106.0,108.0,111.0,108.0,137.0,129.0,126.0,146.0,133.0,103.0,117.0
340,2020 - 2021,Lynchburg City Public Schools,7963.0,297.0,543.0,615.0,565.0,564.0,574.0,559.0,600.0,591.0,629.0,619.0,624.0,604.0,577.0
341,2020 - 2021,Madison County Public Schools,1669.0,41.0,113.0,102.0,108.0,106.0,125.0,132.0,122.0,136.0,139.0,163.0,135.0,132.0,115.0
342,2020 - 2021,Manassas City Public Schools,7607.0,227.0,556.0,570.0,574.0,595.0,538.0,554.0,591.0,569.0,606.0,565.0,567.0,531.0,564.0
343,2020 - 2021,Manassas Park City Public Schools,3500.0,85.0,240.0,226.0,240.0,258.0,248.0,249.0,283.0,274.0,293.0,266.0,296.0,270.0,272.0
344,2020 - 2021,Martinsville City Public Schools,1881.0,74.0,136.0,118.0,121.0,134.0,143.0,141.0,148.0,130.0,155.0,153.0,155.0,123.0,150.0
345,2020 - 2021,Mathews County Public Schools,932.0,13.0,64.0,56.0,66.0,62.0,72.0,66.0,76.0,82.0,89.0,76.0,78.0,67.0,65.0
346,2020 - 2021,Mecklenburg County Public Schools,4093.0,145.0,291.0,280.0,294.0,276.0,307.0,301.0,316.0,298.0,299.0,337.0,311.0,315.0,323.0
347,2020 - 2021,Middlesex County Public Schools,1166.0,66.0,87.0,84.0,68.0,85.0,97.0,80.0,94.0,85.0,93.0,81.0,84.0,78.0,84.0
348,2020 - 2021,Montgomery County Public Schools,9711.0,198.0,673.0,665.0,709.0,748.0,712.0,722.0,706.0,760.0,816.0,741.0,789.0,712.0,760.0
349,2020 - 2021,Nelson County Public Schools,1596.0,17.0,87.0,95.0,91.0,130.0,105.0,115.0,119.0,124.0,143.0,144.0,139.0,138.0,149.0
350,2020 - 2021,New Kent County Public Schools,3040.0,34.0,166.0,189.0,200.0,213.0,224.0,209.0,248.0,258.0,269.0,297.0,263.0,241.0,229.0
351,2020 - 2021,Newport News City Public Schools,27118.0,1047.0,1836.0,2114.0,2071.0,2047.0,2053.0,2100.0,2026.0,2060.0,2102.0,2253.0,2086.0,1666.0,1657.0
352,2020 - 2021,Norfolk City Public Schools,27969.0,1278.0,2082.0,2235.0,2196.0,2191.0,2192.0,2158.0,2159.0,2067.0,2054.0,2291.0,2017.0,1442.0,1593.0
353,2020 - 2021,Northampton County Public Schools,1410.0,48.0,89.0,101.0,100.0,86.0,125.0,110.0,84.0,112.0,102.0,123.0,107.0,118.0,105.0
354,2020 - 2021,Northumberland County Public Schools,1228.0,33.0,70.0,84.0,98.0,82.0,94.0,90.0,95.0,96.0,85.0,103.0,106.0,84.0,108.0
355,2020 - 2021,Norton City Public Schools,861.0,36.0,61.0,72.0,60.0,55.0,55.0,65.0,67.0,64.0,64.0,55.0,69.0,75.0,63.0
356,2020 - 2021,Nottoway County Public Schools,1878.0,80.0,122.0,135.0,145.0,133.0,134.0,123.0,147.0,130.0,153.0,162.0,143.0,143.0,128.0
357,2020 - 2021,Orange County Public Schools,4907.0,164.0,331.0,339.0,348.0,355.0,395.0,349.0,371.0,390.0,404.0,393.0,373.0,356.0,339.0
358,2020 - 2021,Page County Public Schools,3213.0,84.0,195.0,228.0,222.0,221.0,200.0,208.0,261.0,251.0,225.0,280.0,279.0,291.0,268.0
359,2020 - 2021,Patrick County Public Schools,2517.0,111.0,357.0,231.0,145.0,150.0,158.0,157.0,141.0,177.0,164.0,192.0,186.0,170.0,178.0
360,2020 - 2021,Petersburg City Public Schools,4045.0,269.0,324.0,341.0,323.0,309.0,322.0,315.0,319.0,282.0,290.0,272.0,263.0,215.0,201.0
361,2020 - 2021,Pittsylvania County Public Schools,8213.0,265.0,459.0,508.0,546.0,546.0,589.0,564.0,647.0,685.0,662.0,726.0,713.0,627.0,676.0
362,2020 - 2021,Poquoson City Public Schools,2090.0,20.0,142.0,121.0,126.0,153.0,151.0,136.0,160.0,184.0,174.0,177.0,195.0,176.0,175.0
363,2020 - 2021,Portsmouth City Public Schools,13395.0,400.0,887.0,1076.0,1055.0,1035.0,1075.0,1077.0,1038.0,1015.0,909.0,1030.0,1029.0,846.0,923.0
364,2020 - 2021,Powhatan County Public Schools,4212.0,94.0,266.0,289.0,269.0,277.0,315.0,291.0,315.0,338.0,317.0,388.0,367.0,337.0,349.0
365,2020 - 2021,Prince Edward County Public Schools,1949.0,74.0,136.0,138.0,118.0,154.0,135.0,146.0,148.0,162.0,144.0,147.0,174.0,127.0,146.0
366,2020 - 2021,Prince George County Public Schools,6099.0,139.0,454.0,454.0,439.0,447.0,433.0,455.0,480.0,490.0,506.0,513.0,425.0,467.0,397.0
367,2020 - 2021,Prince William County Public Schools,89577.0,1373.0,5567.0,6303.0,6511.0,6595.0,6621.0,6741.0,6953.0,6919.0,7155.0,7670.0,7393.0,7008.0,6768.0
368,2020 - 2021,Pulaski County Public Schools,4010.0,122.0,270.0,297.0,323.0,294.0,266.0,287.0,295.0,332.0,299.0,316.0,327.0,315.0,267.0
369,2020 - 2021,Radford City Public Schools,2520.0,53.0,292.0,213.0,192.0,202.0,200.0,173.0,211.0,197.0,212.0,180.0,156.0,121.0,118.0
370,2020 - 2021,Rappahannock County Public Schools,766.0,31.0,55.0,52.0,50.0,45.0,58.0,61.0,50.0,60.0,59.0,60.0,54.0,72.0,59.0
371,2020 - 2021,Richmond City Public Schools,28240.0,1012.0,2209.0,2343.0,2241.0,2473.0,2297.0,2296.0,2253.0,2257.0,2206.0,1810.0,1961.0,1551.0,1317.0
372,2020 - 2021,Richmond County Public Schools,1306.0,43.0,94.0,88.0,85.0,88.0,106.0,91.0,92.0,119.0,108.0,104.0,93.0,107.0,88.0
373,2020 - 2021,Roanoke City Public Schools,13854.0,636.0,1004.0,1088.0,1076.0,1069.0,1045.0,1045.0,997.0,1099.0,1053.0,1062.0,990.0,900.0,790.0
374,2020 - 2021,Roanoke County Public Schools,13692.0,355.0,882.0,884.0,962.0,912.0,959.0,1040.0,1049.0,1105.0,1128.0,1203.0,1126.0,1035.0,1052.0
375,2020 - 2021,Rockbridge County Public Schools,2711.0,75.0,142.0,174.0,179.0,166.0,157.0,160.0,193.0,205.0,232.0,256.0,277.0,261.0,234.0
376,2020 - 2021,Rockingham County Public Schools,11354.0,334.0,760.0,802.0,749.0,795.0,794.0,836.0,885.0,857.0,899.0,963.0,926.0,922.0,832.0
377,2020 - 2021,Russell County Public Schools,3552.0,161.0,260.0,262.0,239.0,235.0,241.0,238.0,253.0,289.0,280.0,276.0,310.0,233.0,275.0
378,2020 - 2021,Salem City Public Schools,3834.0,77.0,246.0,257.0,262.0,276.0,258.0,263.0,330.0,280.0,317.0,321.0,331.0,322.0,288.0
379,2020 - 2021,Scott County Public Schools,3538.0,174.0,227.0,273.0,246.0,263.0,236.0,287.0,279.0,257.0,264.0,276.0,254.0,257.0,245.0
380,2020 - 2021,Shenandoah County Public Schools,5772.0,154.0,363.0,381.0,409.0,417.0,413.0,407.0,430.0,498.0,448.0,486.0,427.0,471.0,465.0
381,2020 - 2021,Smyth County Public Schools,4110.0,131.0,277.0,276.0,293.0,276.0,309.0,284.0,289.0,322.0,355.0,339.0,336.0,314.0,309.0
382,2020 - 2021,Southampton County Public Schools,2610.0,109.0,171.0,170.0,205.0,173.0,169.0,200.0,182.0,246.0,225.0,175.0,189.0,188.0,208.0
383,2020 - 2021,Spotsylvania County Public Schools,23038.0,401.0,1362.0,1562.0,1549.0,1599.0,1669.0,1716.0,1700.0,1908.0,1914.0,1978.0,2027.0,1815.0,1836.0
384,2020 - 2021,Stafford County Public Schools,29395.0,474.0,1757.0,1924.0,1957.0,2011.0,2094.0,2160.0,2244.0,2426.0,2451.0,2563.0,2544.0,2306.0,2484.0
385,2020 - 2021,Staunton City Public Schools,2607.0,81.0,172.0,203.0,173.0,191.0,212.0,187.0,190.0,225.0,185.0,208.0,215.0,206.0,159.0
386,2020 - 2021,Suffolk City Public Schools,13869.0,348.0,898.0,963.0,951.0,1014.0,1035.0,1053.0,1031.0,1114.0,1109.0,1271.0,1091.0,999.0,992.0
387,2020 - 2021,Surry County Public Schools,679.0,38.0,32.0,36.0,52.0,55.0,42.0,57.0,51.0,44.0,53.0,51.0,65.0,55.0,48.0
388,2020 - 2021,Sussex County Public Schools,1045.0,30.0,66.0,80.0,87.0,74.0,76.0,76.0,86.0,85.0,82.0,79.0,75.0,81.0,68.0
389,2020 - 2021,Tazewell County Public Schools,5432.0,130.0,407.0,405.0,370.0,356.0,390.0,373.0,399.0,438.0,433.0,464.0,455.0,419.0,393.0
390,2020 - 2021,Virginia Beach City Public Schools,65612.0,1323.0,4072.0,4814.0,4781.0,4795.0,4819.0,4967.0,5068.0,5181.0,5090.0,5453.0,5328.0,4933.0,4988.0
391,2020 - 2021,Virginia School for the Deaf and Blind-Staunton,63.0,1.0,5.0,3.0,3.0,8.0,5.0,8.0,8.0,6.0,16.0,,,,
392,2020 - 2021,Warren County Public Schools,5161.0,167.0,337.0,369.0,363.0,354.0,363.0,338.0,368.0,402.0,431.0,428.0,411.0,414.0,415.0
393,2020 - 2021,Washington County Public Schools,6760.0,209.0,426.0,431.0,455.0,485.0,442.0,493.0,530.0,523.0,563.0,554.0,550.0,562.0,537.0
394,2020 - 2021,Waynesboro City Public Schools,2914.0,104.0,168.0,201.0,198.0,208.0,223.0,216.0,225.0,250.0,223.0,250.0,232.0,207.0,209.0
395,2020 - 2021,West Point Public Schools,804.0,8.0,56.0,58.0,51.0,54.0,61.0,47.0,51.0,75.0,65.0,80.0,69.0,70.0,59.0
396,2020 - 2021,Westmoreland County Public Schools,1548.0,63.0,121.0,109.0,105.0,114.0,97.0,116.0,99.0,111.0,126.0,117.0,126.0,127.0,117.0
397,2020 - 2021,Williamsburg-James City County Public Schools,11152.0,247.0,669.0,766.0,748.0,765.0,843.0,798.0,827.0,867.0,869.0,965.0,919.0,967.0,902.0
398,2020 - 2021,Winchester City Public Schools,4269.0,111.0,268.0,310.0,313.0,310.0,314.0,317.0,306.0,320.0,331.0,382.0,344.0,332.0,311.0
399,2020 - 2021,Wise County Public Schools,5541.0,285.0,343.0,412.0,413.0,378.0,378.0,425.0,440.0,447.0,479.0,398.0,413.0,388.0,341.0
400,2020 - 2021,Wythe County Public Schools,3858.0,106.0,263.0,267.0,274.0,275.0,253.0,265.0,290.0,291.0,319.0,353.0,304.0,296.0,302.0
401,2020 - 2021,York County Public Schools,12492.0,161.0,735.0,909.0,906.0,918.0,940.0,911.0,952.0,1035.0,976.0,1017.0,1064.0,960.0,1008.0
